"","TIME_PERIOD","Cna_produit","OBS_VALUE"
"1",2025-01-01,"Biens",-0.0282883270255543
"2",2025-01-01,"Biens manufacturés",-0.0166571340102195
"3",2025-01-01,"Biens industriels",-0.0277542278345455
"4",2024-10-01,"Biens",-0.0204014223498132
"5",2024-10-01,"Biens manufacturés",-0.011566107187325
"6",2024-10-01,"Biens industriels",-0.0201091773098232
"7",2024-07-01,"Biens",-0.0276567840664306
"8",2024-07-01,"Biens manufacturés",-0.0163603128546286
"9",2024-07-01,"Biens industriels",-0.0271770373944184
"10",2024-04-01,"Biens",-0.0286820465147072
"11",2024-04-01,"Biens manufacturés",-0.0130024358015939
"12",2024-04-01,"Biens industriels",-0.0294158214002963
"13",2024-01-01,"Biens",-0.0258795315052766
"14",2024-01-01,"Biens manufacturés",-0.0156670861482757
"15",2024-01-01,"Biens industriels",-0.027042765046143
"16",2023-10-01,"Biens",-0.0267020326173208
"17",2023-10-01,"Biens manufacturés",-0.0132344862411285
"18",2023-10-01,"Biens industriels",-0.0271473439468179
"19",2023-07-01,"Biens",-0.0336745950883603
"20",2023-07-01,"Biens manufacturés",-0.0173909988406001
"21",2023-07-01,"Biens industriels",-0.0343941257070583
"22",2023-04-01,"Biens",-0.0338633294930549
"23",2023-04-01,"Biens manufacturés",-0.0184121062181372
"24",2023-04-01,"Biens industriels",-0.0340430771669502
"25",2023-01-01,"Biens",-0.0467187918152426
"26",2023-01-01,"Biens manufacturés",-0.0297301402460635
"27",2023-01-01,"Biens industriels",-0.0468952747419661
"28",2022-10-01,"Biens",-0.0542961890837491
"29",2022-10-01,"Biens manufacturés",-0.0363150122328428
"30",2022-10-01,"Biens industriels",-0.0562475662887833
"31",2022-07-01,"Biens",-0.0702902466295557
"32",2022-07-01,"Biens manufacturés",-0.0370221243640424
"33",2022-07-01,"Biens industriels",-0.0733332634821513
"34",2022-04-01,"Biens",-0.063149251043228
"35",2022-04-01,"Biens manufacturés",-0.0351538055307107
"36",2022-04-01,"Biens industriels",-0.064791552829918
"37",2022-01-01,"Biens",-0.0486956253755952
"38",2022-01-01,"Biens manufacturés",-0.0283541612093009
"39",2022-01-01,"Biens industriels",-0.0494861087569533
"40",2021-10-01,"Biens",-0.0444262784249854
"41",2021-10-01,"Biens manufacturés",-0.0324222003953699
"42",2021-10-01,"Biens industriels",-0.0454364610660069
"43",2021-07-01,"Biens",-0.0318903853336556
"44",2021-07-01,"Biens manufacturés",-0.0242555876047921
"45",2021-07-01,"Biens industriels",-0.0320739971187074
"46",2021-04-01,"Biens",-0.0305728645170071
"47",2021-04-01,"Biens manufacturés",-0.0216440327017858
"48",2021-04-01,"Biens industriels",-0.0304157067078841
"49",2021-01-01,"Biens",-0.0288501613586082
"50",2021-01-01,"Biens manufacturés",-0.0215111863770174
"51",2021-01-01,"Biens industriels",-0.0289473554156034
"52",2020-10-01,"Biens",-0.020682000103177
"53",2020-10-01,"Biens manufacturés",-0.0162720145646013
"54",2020-10-01,"Biens industriels",-0.0206869925396358
"55",2020-07-01,"Biens",-0.0336515561161167
"56",2020-07-01,"Biens manufacturés",-0.0282744185110394
"57",2020-07-01,"Biens industriels",-0.0336180119014874
"58",2020-04-01,"Biens",-0.0376704171410245
"59",2020-04-01,"Biens manufacturés",-0.033279755128222
"60",2020-04-01,"Biens industriels",-0.0386344497230751
"61",2020-01-01,"Biens",-0.0216620582618221
"62",2020-01-01,"Biens manufacturés",-0.0162052299006254
"63",2020-01-01,"Biens industriels",-0.0224712975598454
"64",2019-10-01,"Biens",-0.0221345480234786
"65",2019-10-01,"Biens manufacturés",-0.0135767521681334
"66",2019-10-01,"Biens industriels",-0.0226656198214353
"67",2019-07-01,"Biens",-0.0244999574710312
"68",2019-07-01,"Biens manufacturés",-0.0148115312391633
"69",2019-07-01,"Biens industriels",-0.0250053979075747
"70",2019-04-01,"Biens",-0.0219928790588544
"71",2019-04-01,"Biens manufacturés",-0.0100907345726615
"72",2019-04-01,"Biens industriels",-0.0227345070306988
"73",2019-01-01,"Biens",-0.0209705627834559
"74",2019-01-01,"Biens manufacturés",-0.00917979188280047
"75",2019-01-01,"Biens industriels",-0.0216621909390093
"76",2018-10-01,"Biens",-0.0207399938699525
"77",2018-10-01,"Biens manufacturés",-0.00933743566381212
"78",2018-10-01,"Biens industriels",-0.0213529986148773
"79",2018-07-01,"Biens",-0.0234051689161775
"80",2018-07-01,"Biens manufacturés",-0.010954531930432
"81",2018-07-01,"Biens industriels",-0.0240526358497201
"82",2018-04-01,"Biens",-0.0283449714585444
"83",2018-04-01,"Biens manufacturés",-0.0177074915127399
"84",2018-04-01,"Biens industriels",-0.029001057597187
"85",2018-01-01,"Biens",-0.0259765206280603
"86",2018-01-01,"Biens manufacturés",-0.0138406524143963
"87",2018-01-01,"Biens industriels",-0.0261857597351925
"88",2017-10-01,"Biens",-0.0231208595868113
"89",2017-10-01,"Biens manufacturés",-0.0117697112088715
"90",2017-10-01,"Biens industriels",-0.0235411448985287
"91",2017-07-01,"Biens",-0.0250507821316342
"92",2017-07-01,"Biens manufacturés",-0.0156061737182937
"93",2017-07-01,"Biens industriels",-0.025514331846039
"94",2017-04-01,"Biens",-0.0209880602967259
"95",2017-04-01,"Biens manufacturés",-0.00910957730022074
"96",2017-04-01,"Biens industriels",-0.020755423242016
"97",2017-01-01,"Biens",-0.0282635885694904
"98",2017-01-01,"Biens manufacturés",-0.015053068204302
"99",2017-01-01,"Biens industriels",-0.0277247802368637
"100",2016-10-01,"Biens",-0.0208662955279629
"101",2016-10-01,"Biens manufacturés",-0.00866902002614976
"102",2016-10-01,"Biens industriels",-0.0203400895798736
"103",2016-07-01,"Biens",-0.0205389822415529
"104",2016-07-01,"Biens manufacturés",-0.00968430424691296
"105",2016-07-01,"Biens industriels",-0.0203576820137609
"106",2016-04-01,"Biens",-0.0154358151949906
"107",2016-04-01,"Biens manufacturés",-0.00933240459258699
"108",2016-04-01,"Biens industriels",-0.0165319452618923
"109",2016-01-01,"Biens",-0.0188303776662462
"110",2016-01-01,"Biens manufacturés",-0.011726369167993
"111",2016-01-01,"Biens industriels",-0.0199554631242923
"112",2015-10-01,"Biens",-0.0185536416772737
"113",2015-10-01,"Biens manufacturés",-0.0102693171697358
"114",2015-10-01,"Biens industriels",-0.0196534105455214
"115",2015-07-01,"Biens",-0.0174735416689296
"116",2015-07-01,"Biens manufacturés",-0.00809047427667286
"117",2015-07-01,"Biens industriels",-0.0189326873988464
"118",2015-04-01,"Biens",-0.0167212075273676
"119",2015-04-01,"Biens manufacturés",-0.00534597612349314
"120",2015-04-01,"Biens industriels",-0.0183155255601067
"121",2015-01-01,"Biens",-0.0192078433093441
"122",2015-01-01,"Biens manufacturés",-0.00755514598326605
"123",2015-01-01,"Biens industriels",-0.0206651161429992
"124",2014-10-01,"Biens",-0.0215834238714402
"125",2014-10-01,"Biens manufacturés",-0.00935201769320586
"126",2014-10-01,"Biens industriels",-0.0231218031132812
"127",2014-07-01,"Biens",-0.0290560744213518
"128",2014-07-01,"Biens manufacturés",-0.0149138026505224
"129",2014-07-01,"Biens industriels",-0.0305751412012256
"130",2014-04-01,"Biens",-0.0265571684261054
"131",2014-04-01,"Biens manufacturés",-0.0105826799781202
"132",2014-04-01,"Biens industriels",-0.0278260481281234
"133",2014-01-01,"Biens",-0.026085282690234
"134",2014-01-01,"Biens manufacturés",-0.008957354917201
"135",2014-01-01,"Biens industriels",-0.0277578953860185
"136",2013-10-01,"Biens",-0.0294770539083507
"137",2013-10-01,"Biens manufacturés",-0.012968102333733
"138",2013-10-01,"Biens industriels",-0.0314285553447684
"139",2013-07-01,"Biens",-0.0296385655718392
"140",2013-07-01,"Biens manufacturés",-0.00982046086423826
"141",2013-07-01,"Biens industriels",-0.031544225060082
"142",2013-04-01,"Biens",-0.0236612608823021
"143",2013-04-01,"Biens manufacturés",-0.00375199993990791
"144",2013-04-01,"Biens industriels",-0.0259804400243373
"145",2013-01-01,"Biens",-0.026859312069237
"146",2013-01-01,"Biens manufacturés",-0.00692635600824864
"147",2013-01-01,"Biens industriels",-0.0299971353608402
"148",2012-10-01,"Biens",-0.0299743240971405
"149",2012-10-01,"Biens manufacturés",-0.0101347220736348
"150",2012-10-01,"Biens industriels",-0.0329622044596598
"151",2012-07-01,"Biens",-0.0301328051433581
"152",2012-07-01,"Biens manufacturés",-0.00910707498247538
"153",2012-07-01,"Biens industriels",-0.0319855448105144
"154",2012-04-01,"Biens",-0.0346400583896742
"155",2012-04-01,"Biens manufacturés",-0.0140884296250768
"156",2012-04-01,"Biens industriels",-0.0360633066994468
"157",2012-01-01,"Biens",-0.0356492983700049
"158",2012-01-01,"Biens manufacturés",-0.0138404514719531
"159",2012-01-01,"Biens industriels",-0.0371346057402422
"160",2011-10-01,"Biens",-0.0318529472930194
"161",2011-10-01,"Biens manufacturés",-0.0109161140251558
"162",2011-10-01,"Biens industriels",-0.0341424621238379
"163",2011-07-01,"Biens",-0.0367105942049788
"164",2011-07-01,"Biens manufacturés",-0.0174688582590108
"165",2011-07-01,"Biens industriels",-0.0389877915840682
"166",2011-04-01,"Biens",-0.035372046895408
"167",2011-04-01,"Biens manufacturés",-0.0173492765781846
"168",2011-04-01,"Biens industriels",-0.0380290380913265
"169",2011-01-01,"Biens",-0.0411439589692347
"170",2011-01-01,"Biens manufacturés",-0.0203865760076191
"171",2011-01-01,"Biens industriels",-0.0434605266239393
"172",2010-10-01,"Biens",-0.0302068162536236
"173",2010-10-01,"Biens manufacturés",-0.0151083753727918
"174",2010-10-01,"Biens industriels",-0.0320009855016024
"175",2010-07-01,"Biens",-0.0303265987424243
"176",2010-07-01,"Biens manufacturés",-0.0132837163295383
"177",2010-07-01,"Biens industriels",-0.0317724318514043
"178",2010-04-01,"Biens",-0.0263892382456811
"179",2010-04-01,"Biens manufacturés",-0.00842145509060359
"180",2010-04-01,"Biens industriels",-0.0275040497439354
"181",2010-01-01,"Biens",-0.0224598126588347
"182",2010-01-01,"Biens manufacturés",-0.00588920015357831
"183",2010-01-01,"Biens industriels",-0.0233170884314494
"184",2009-10-01,"Biens",-0.0290459488329643
"185",2009-10-01,"Biens manufacturés",-0.0130782484846749
"186",2009-10-01,"Biens industriels",-0.0296066498319943
"187",2009-07-01,"Biens",-0.0172534322789339
"188",2009-07-01,"Biens manufacturés",-0.00213237696950142
"189",2009-07-01,"Biens industriels",-0.0184468188079372
"190",2009-04-01,"Biens",-0.0194649622389681
"191",2009-04-01,"Biens manufacturés",-0.00374916063567858
"192",2009-04-01,"Biens industriels",-0.02041209679425
"193",2009-01-01,"Biens",-0.0246733855916387
"194",2009-01-01,"Biens manufacturés",-0.0099290780141844
"195",2009-01-01,"Biens industriels",-0.0256231595537307
"196",2008-10-01,"Biens",-0.0300273787995949
"197",2008-10-01,"Biens manufacturés",-0.00885295210029287
"198",2008-10-01,"Biens industriels",-0.0317606252676486
"199",2008-07-01,"Biens",-0.0326988549679616
"200",2008-07-01,"Biens manufacturés",-0.00664857312627471
"201",2008-07-01,"Biens industriels",-0.0346199553549921
"202",2008-04-01,"Biens",-0.0288938680946922
"203",2008-04-01,"Biens manufacturés",-0.00569981000633312
"204",2008-04-01,"Biens industriels",-0.0310002324817021
"205",2008-01-01,"Biens",-0.0228278677033138
"206",2008-01-01,"Biens manufacturés",-0.000795109973523038
"207",2008-01-01,"Biens industriels",-0.0242298248354703
"208",2007-10-01,"Biens",-0.0286916859850975
"209",2007-10-01,"Biens manufacturés",-0.00734948415210237
"210",2007-10-01,"Biens industriels",-0.0294121837391391
"211",2007-07-01,"Biens",-0.025250588927547
"212",2007-07-01,"Biens manufacturés",-0.00787081933199522
"213",2007-07-01,"Biens industriels",-0.0264356198142085
"214",2007-04-01,"Biens",-0.0224216453442637
"215",2007-04-01,"Biens manufacturés",-0.00453773858319877
"216",2007-04-01,"Biens industriels",-0.0234567134517451
"217",2007-01-01,"Biens",-0.0183614664864468
"218",2007-01-01,"Biens manufacturés",-0.00307421494357653
"219",2007-01-01,"Biens industriels",-0.0199331510179277
"220",2006-10-01,"Biens",-0.0183464374248598
"221",2006-10-01,"Biens manufacturés",-0.000842633869200243
"222",2006-10-01,"Biens industriels",-0.0196550733580875
"223",2006-07-01,"Biens",-0.0193895747156848
"224",2006-07-01,"Biens manufacturés",-0.000720602122227026
"225",2006-07-01,"Biens industriels",-0.0200499474068003
"226",2006-04-01,"Biens",-0.0165531623708821
"227",2006-04-01,"Biens manufacturés",0.00280447934656283
"228",2006-04-01,"Biens industriels",-0.0175198496746934
"229",2006-01-01,"Biens",-0.0172433968387842
"230",2006-01-01,"Biens manufacturés",0.00412428492891791
"231",2006-01-01,"Biens industriels",-0.0183142095746114
"232",2005-10-01,"Biens",-0.0186589768523176
"233",2005-10-01,"Biens manufacturés",-0.000757804379170439
"234",2005-10-01,"Biens industriels",-0.0197431512590953
"235",2005-07-01,"Biens",-0.0147957477197328
"236",2005-07-01,"Biens manufacturés",0.00204523471610786
"237",2005-07-01,"Biens industriels",-0.0156025419668604
"238",2005-04-01,"Biens",-0.0130280272955123
"239",2005-04-01,"Biens manufacturés",0.00130120195386107
"240",2005-04-01,"Biens industriels",-0.0138238414957648
"241",2005-01-01,"Biens",-0.0133940314073308
"242",2005-01-01,"Biens manufacturés",0.00119288789622567
"243",2005-01-01,"Biens industriels",-0.0144830896027245
"244",2004-10-01,"Biens",-0.00859185992735149
"245",2004-10-01,"Biens manufacturés",0.00542191214782554
"246",2004-10-01,"Biens industriels",-0.00977245631444766
"247",2004-07-01,"Biens",-0.00866949752300071
"248",2004-07-01,"Biens manufacturés",0.00389478650625147
"249",2004-07-01,"Biens industriels",-0.0100070771408351
"250",2004-04-01,"Biens",-0.00324453064833566
"251",2004-04-01,"Biens manufacturés",0.00907993192428002
"252",2004-04-01,"Biens industriels",-0.00413113133099442
"253",2004-01-01,"Biens",0.000808442241824688
"254",2004-01-01,"Biens manufacturés",0.0124901934520962
"255",2004-01-01,"Biens industriels",1.19592047607202e-05
"256",2003-10-01,"Biens",0.00302140464980828
"257",2003-10-01,"Biens manufacturés",0.0148886084550794
"258",2003-10-01,"Biens industriels",0.00237586759209824
"259",2003-07-01,"Biens",-1.46723660657518e-05
"260",2003-07-01,"Biens manufacturés",0.0105054141030783
"261",2003-07-01,"Biens industriels",-0.0012153609891131
"262",2003-04-01,"Biens",-0.00145715685323745
"263",2003-04-01,"Biens manufacturés",0.00902890193533307
"264",2003-04-01,"Biens industriels",-0.00272781752218683
"265",2003-01-01,"Biens",-0.00173799587661723
"266",2003-01-01,"Biens manufacturés",0.00998974134239017
"267",2003-01-01,"Biens industriels",-0.00316723603876378
"268",2002-10-01,"Biens",0.00378789775429988
"269",2002-10-01,"Biens manufacturés",0.0128833587862704
"270",2002-10-01,"Biens industriels",0.00222066444683674
"271",2002-07-01,"Biens",0.00380791785165983
"272",2002-07-01,"Biens manufacturés",0.0141846827574057
"273",2002-07-01,"Biens industriels",0.00271059320967458
"274",2002-04-01,"Biens",0.00635660530335571
"275",2002-04-01,"Biens manufacturés",0.0174787583651248
"276",2002-04-01,"Biens industriels",0.00528658097999995
"277",2002-01-01,"Biens",-0.000497193674876342
"278",2002-01-01,"Biens manufacturés",0.00979266511186858
"279",2002-01-01,"Biens industriels",-0.00156590379046106
"280",2001-10-01,"Biens",0.00132473680253644
"281",2001-10-01,"Biens manufacturés",0.0124981528865522
"282",2001-10-01,"Biens industriels",0.000650702421598135
"283",2001-07-01,"Biens",0.00179423663150898
"284",2001-07-01,"Biens manufacturés",0.0142266606426016
"285",2001-07-01,"Biens industriels",0.000986700318340682
"286",2001-04-01,"Biens",-0.00118508885544538
"287",2001-04-01,"Biens manufacturés",0.0127501927080329
"288",2001-04-01,"Biens industriels",-0.00230725263892021
"289",2001-01-01,"Biens",-3.95805517001166e-05
"290",2001-01-01,"Biens manufacturés",0.0131275496472053
"291",2001-01-01,"Biens industriels",-0.000823275475362426
"292",2000-10-01,"Biens",-0.00830853108577939
"293",2000-10-01,"Biens manufacturés",0.00731555380446068
"294",2000-10-01,"Biens industriels",-0.00949052012842151
"295",2000-07-01,"Biens",-0.00894154495258802
"296",2000-07-01,"Biens manufacturés",0.00441561097417904
"297",2000-07-01,"Biens industriels",-0.0103084738830469
"298",2000-04-01,"Biens",-0.000411916667348648
"299",2000-04-01,"Biens manufacturés",0.0104725038804732
"300",2000-04-01,"Biens industriels",-0.00230782450713216
"301",2000-01-01,"Biens",-0.000638825666964417
"302",2000-01-01,"Biens manufacturés",0.0108074922359175
"303",2000-01-01,"Biens industriels",-0.00235065721610283
"304",1999-10-01,"Biens",0.00571137576632314
"305",1999-10-01,"Biens manufacturés",0.0138142142919441
"306",1999-10-01,"Biens industriels",0.00406830017640555
"307",1999-07-01,"Biens",0.0135346114436253
"308",1999-07-01,"Biens manufacturés",0.0199365796992245
"309",1999-07-01,"Biens industriels",0.0117821332853828
"310",1999-04-01,"Biens",0.00951840572493892
"311",1999-04-01,"Biens manufacturés",0.014529464213342
"312",1999-04-01,"Biens industriels",0.00789147627925289
"313",1999-01-01,"Biens",0.0101042511361449
"314",1999-01-01,"Biens manufacturés",0.0134149685263078
"315",1999-01-01,"Biens industriels",0.00851744033416369
"316",1998-10-01,"Biens",0.0123440821018159
"317",1998-10-01,"Biens manufacturés",0.0166185034821541
"318",1998-10-01,"Biens industriels",0.0111387775860396
"319",1998-07-01,"Biens",0.0151139170037489
"320",1998-07-01,"Biens manufacturés",0.0198281324955138
"321",1998-07-01,"Biens industriels",0.0131210357060367
"322",1998-04-01,"Biens",0.0144115887861592
"323",1998-04-01,"Biens manufacturés",0.0199554231674547
"324",1998-04-01,"Biens industriels",0.013265922529155
"325",1998-01-01,"Biens",0.0161453532190117
"326",1998-01-01,"Biens manufacturés",0.0218264036728652
"327",1998-01-01,"Biens industriels",0.0149022480985596
"328",1997-10-01,"Biens",0.0178856002822281
"329",1997-10-01,"Biens manufacturés",0.0257016167293164
"330",1997-10-01,"Biens industriels",0.0164714183180663
"331",1997-07-01,"Biens",0.0173100929307874
"332",1997-07-01,"Biens manufacturés",0.0252932020281412
"333",1997-07-01,"Biens industriels",0.0159045725646123
"334",1997-04-01,"Biens",0.0210091634385663
"335",1997-04-01,"Biens manufacturés",0.0273468445708654
"336",1997-04-01,"Biens industriels",0.0190317570222879
"337",1997-01-01,"Biens",0.0150043321253976
"338",1997-01-01,"Biens manufacturés",0.0227958335704935
"339",1997-01-01,"Biens industriels",0.0134896693038875
"340",1996-10-01,"Biens",0.00929272727851749
"341",1996-10-01,"Biens manufacturés",0.0172733902531456
"342",1996-10-01,"Biens industriels",0.00711444576429338
"343",1996-07-01,"Biens",0.00719274837859197
"344",1996-07-01,"Biens manufacturés",0.01315684222988
"345",1996-07-01,"Biens industriels",0.00570812415809968
"346",1996-04-01,"Biens",0.00480843404474158
"347",1996-04-01,"Biens manufacturés",0.0120821547955773
"348",1996-04-01,"Biens industriels",0.00394060169709437
"349",1996-01-01,"Biens",0.00762185771886612
"350",1996-01-01,"Biens manufacturés",0.0124512940371311
"351",1996-01-01,"Biens industriels",0.0059980566038345
"352",1995-10-01,"Biens",0.00488675907004681
"353",1995-10-01,"Biens manufacturés",0.00983227676618637
"354",1995-10-01,"Biens industriels",0.00387480495400505
"355",1995-07-01,"Biens",0.00123001633461692
"356",1995-07-01,"Biens manufacturés",0.00575319640244822
"357",1995-07-01,"Biens industriels",-0.000134481785918117
"358",1995-04-01,"Biens",0.00547968691271406
"359",1995-04-01,"Biens manufacturés",0.00962736810175996
"360",1995-04-01,"Biens industriels",0.00390040289876097
"361",1995-01-01,"Biens",0.00677108473842774
"362",1995-01-01,"Biens manufacturés",0.010892325105278
"363",1995-01-01,"Biens industriels",0.00553937315867441
"364",1994-10-01,"Biens",0.00356867607144054
"365",1994-10-01,"Biens manufacturés",0.00925175082934021
"366",1994-10-01,"Biens industriels",0.00261367824950575
"367",1994-07-01,"Biens",0.000912941368122395
"368",1994-07-01,"Biens manufacturés",0.00654670594463978
"369",1994-07-01,"Biens industriels",0.000264719058414672
"370",1994-04-01,"Biens",0.00204045239744583
"371",1994-04-01,"Biens manufacturés",0.00825440154731449
"372",1994-04-01,"Biens industriels",0.000970500888196926
"373",1994-01-01,"Biens",0.00082396951660455
"374",1994-01-01,"Biens manufacturés",0.00617803304222062
"375",1994-01-01,"Biens industriels",-0.00102213940034489
"376",1993-10-01,"Biens",0.00501032568870065
"377",1993-10-01,"Biens manufacturés",0.00947368790123803
"378",1993-10-01,"Biens industriels",0.00239822447240815
"379",1993-07-01,"Biens",0.00432627214261537
"380",1993-07-01,"Biens manufacturés",0.00853618977772763
"381",1993-07-01,"Biens industriels",0.00112476023919666
"382",1993-04-01,"Biens",0.00336743167081854
"383",1993-04-01,"Biens manufacturés",0.00724722178053391
"384",1993-04-01,"Biens industriels",-7.77371424533135e-05
"385",1993-01-01,"Biens",0.00308028933476372
"386",1993-01-01,"Biens manufacturés",0.00870978363622845
"387",1993-01-01,"Biens industriels",0.000258461059123852
"388",1992-10-01,"Biens",-0.00498248484094102
"389",1992-10-01,"Biens manufacturés",0.000505005601294521
"390",1992-10-01,"Biens industriels",-0.00782403044259118
"391",1992-07-01,"Biens",-0.004870632719401
"392",1992-07-01,"Biens manufacturés",0.000323996767153137
"393",1992-07-01,"Biens industriels",-0.00800378826989287
"394",1992-04-01,"Biens",-0.0038764675198468
"395",1992-04-01,"Biens manufacturés",0.00179353612438995
"396",1992-04-01,"Biens industriels",-0.00738136580276819
"397",1992-01-01,"Biens",-0.00671474846537932
"398",1992-01-01,"Biens manufacturés",-0.000239812445192118
"399",1992-01-01,"Biens industriels",-0.00967840077312669
"400",1991-10-01,"Biens",-0.0107248735685636
"401",1991-10-01,"Biens manufacturés",-0.00222708248561297
"402",1991-10-01,"Biens industriels",-0.0134751206184968
"403",1991-07-01,"Biens",-0.0132723229684209
"404",1991-07-01,"Biens manufacturés",-0.00354466795341294
"405",1991-07-01,"Biens industriels",-0.0152795003706123
"406",1991-04-01,"Biens",-0.0147959580688551
"407",1991-04-01,"Biens manufacturés",-0.00678472307139337
"408",1991-04-01,"Biens industriels",-0.0173638516179953
"409",1991-01-01,"Biens",-0.0204589262163574
"410",1991-01-01,"Biens manufacturés",-0.0120987589378642
"411",1991-01-01,"Biens industriels",-0.0233258060516339
"412",1990-10-01,"Biens",-0.0201667562798658
"413",1990-10-01,"Biens manufacturés",-0.00855364296586873
"414",1990-10-01,"Biens industriels",-0.022370483684087
"415",1990-07-01,"Biens",-0.0188175014963269
"416",1990-07-01,"Biens manufacturés",-0.0112882135191701
"417",1990-07-01,"Biens industriels",-0.022199009565055
"418",1990-04-01,"Biens",-0.0171418052967028
"419",1990-04-01,"Biens manufacturés",-0.0105420185146837
"420",1990-04-01,"Biens industriels",-0.0210341839043434
"421",1990-01-01,"Biens",-0.0151516917899515
"422",1990-01-01,"Biens manufacturés",-0.00728633549786073
"423",1990-01-01,"Biens industriels",-0.0198149465085823
"424",1989-10-01,"Biens",-0.0220054473209478
"425",1989-10-01,"Biens manufacturés",-0.0118614824101841
"426",1989-10-01,"Biens industriels",-0.0249216898485676
"427",1989-07-01,"Biens",-0.0180999831516114
"428",1989-07-01,"Biens manufacturés",-0.0121468858561789
"429",1989-07-01,"Biens industriels",-0.0219309857911923
"430",1989-04-01,"Biens",-0.0204306787071467
"431",1989-04-01,"Biens manufacturés",-0.0129040166714338
"432",1989-04-01,"Biens industriels",-0.0240591672455359
"433",1989-01-01,"Biens",-0.0170847311435574
"434",1989-01-01,"Biens manufacturés",-0.0106074617148592
"435",1989-01-01,"Biens industriels",-0.0210490522535673
"436",1988-10-01,"Biens",-0.0187971038410921
"437",1988-10-01,"Biens manufacturés",-0.0127881242250744
"438",1988-10-01,"Biens industriels",-0.0228849026502985
"439",1988-07-01,"Biens",-0.0160686238975474
"440",1988-07-01,"Biens manufacturés",-0.00933309169989126
"441",1988-07-01,"Biens industriels",-0.0188344638326516
"442",1988-04-01,"Biens",-0.0127091867622949
"443",1988-04-01,"Biens manufacturés",-0.00638552672862174
"444",1988-04-01,"Biens industriels",-0.0162400074240034
"445",1988-01-01,"Biens",-0.0140427747948354
"446",1988-01-01,"Biens manufacturés",-0.00655898144988956
"447",1988-01-01,"Biens industriels",-0.0165837628171746
"448",1987-10-01,"Biens",-0.0156914893617021
"449",1987-10-01,"Biens manufacturés",-0.00591526045487894
"450",1987-10-01,"Biens industriels",-0.0187866837857667
"451",1987-07-01,"Biens",-0.0106540770443709
"452",1987-07-01,"Biens manufacturés",-0.000842219529199283
"453",1987-07-01,"Biens industriels",-0.0134848704619574
"454",1987-04-01,"Biens",-0.0155164306985006
"455",1987-04-01,"Biens manufacturés",-0.00601754444291407
"456",1987-04-01,"Biens industriels",-0.0174114585064901
"457",1987-01-01,"Biens",-0.0153844665734861
"458",1987-01-01,"Biens manufacturés",-0.00414476197845884
"459",1987-01-01,"Biens industriels",-0.0173045021691082
"460",1986-10-01,"Biens",-0.00691169414057009
"461",1986-10-01,"Biens manufacturés",0.00275304507141922
"462",1986-10-01,"Biens industriels",-0.00848209308975993
"463",1986-07-01,"Biens",-0.00655991305667471
"464",1986-07-01,"Biens manufacturés",0.004151347964224
"465",1986-07-01,"Biens industriels",-0.00887546445653078
"466",1986-04-01,"Biens",-0.0117908654445381
"467",1986-04-01,"Biens manufacturés",0.00191445764511739
"468",1986-04-01,"Biens industriels",-0.0136405107214614
"469",1986-01-01,"Biens",-0.0114102453329809
"470",1986-01-01,"Biens manufacturés",0.00892997819601226
"471",1986-01-01,"Biens industriels",-0.014571569429691
"472",1985-10-01,"Biens",-0.0195856776167388
"473",1985-10-01,"Biens manufacturés",0.00759158910005445
"474",1985-10-01,"Biens industriels",-0.023749643496072
"475",1985-07-01,"Biens",-0.0202707341935279
"476",1985-07-01,"Biens manufacturés",0.00634846860360099
"477",1985-07-01,"Biens industriels",-0.0222671744033126
"478",1985-04-01,"Biens",-0.0172931724749442
"479",1985-04-01,"Biens manufacturés",0.0144557594647607
"480",1985-04-01,"Biens industriels",-0.0203509149044791
"481",1985-01-01,"Biens",-0.027909431804436
"482",1985-01-01,"Biens manufacturés",0.0109361426042205
"483",1985-01-01,"Biens industriels",-0.0306640861255595
"484",1984-10-01,"Biens",-0.0221157885891942
"485",1984-10-01,"Biens manufacturés",0.0130241156205361
"486",1984-10-01,"Biens industriels",-0.0251911604066885
"487",1984-07-01,"Biens",-0.0114242753131642
"488",1984-07-01,"Biens manufacturés",0.0176310315199204
"489",1984-07-01,"Biens industriels",-0.0151325012436124
"490",1984-04-01,"Biens",-0.0188385758727964
"491",1984-04-01,"Biens manufacturés",0.0166724276990437
"492",1984-04-01,"Biens industriels",-0.0202788339670469
"493",1984-01-01,"Biens",-0.0256538084820617
"494",1984-01-01,"Biens manufacturés",0.0186157265939789
"495",1984-01-01,"Biens industriels",-0.026445592694471
"496",1983-10-01,"Biens",-0.0201901378018918
"497",1983-10-01,"Biens manufacturés",0.0138402074230566
"498",1983-10-01,"Biens industriels",-0.022350794641571
"499",1983-07-01,"Biens",-0.0175039405332139
"500",1983-07-01,"Biens manufacturés",0.015835730363265
"501",1983-07-01,"Biens industriels",-0.021061153395605
"502",1983-04-01,"Biens",-0.0244107000971131
"503",1983-04-01,"Biens manufacturés",0.00896088990906683
"504",1983-04-01,"Biens industriels",-0.0268006911425292
"505",1983-01-01,"Biens",-0.0383092347874554
"506",1983-01-01,"Biens manufacturés",-0.000952708088945346
"507",1983-01-01,"Biens industriels",-0.0397220944023539
"508",1982-10-01,"Biens",-0.0417279362617972
"509",1982-10-01,"Biens manufacturés",0.000541400422426009
"510",1982-10-01,"Biens industriels",-0.0430313076491191
"511",1982-07-01,"Biens",-0.045889036063962
"512",1982-07-01,"Biens manufacturés",-0.00406248719804454
"513",1982-07-01,"Biens industriels",-0.047466236976144
"514",1982-04-01,"Biens",-0.0419579446728296
"515",1982-04-01,"Biens manufacturés",-0.000737324624555692
"516",1982-04-01,"Biens industriels",-0.0425700632290645
"517",1982-01-01,"Biens",-0.0340503853675371
"518",1982-01-01,"Biens manufacturés",0.0116832508915219
"519",1982-01-01,"Biens industriels",-0.0352654434602554
"520",1981-10-01,"Biens",-0.0363641805339399
"521",1981-10-01,"Biens manufacturés",0.0124132048365857
"522",1981-10-01,"Biens industriels",-0.0375538728600503
"523",1981-07-01,"Biens",-0.0267428517902723
"524",1981-07-01,"Biens manufacturés",0.0186715999656542
"525",1981-07-01,"Biens industriels",-0.0294124534576025
"526",1981-04-01,"Biens",-0.0235239777644523
"527",1981-04-01,"Biens manufacturés",0.0237103544398165
"528",1981-04-01,"Biens industriels",-0.0254201578529407
"529",1981-01-01,"Biens",-0.0316072460490942
"530",1981-01-01,"Biens manufacturés",0.017604247799469
"531",1981-01-01,"Biens industriels",-0.0334916208135474
"532",1980-10-01,"Biens",-0.0351595570068591
"533",1980-10-01,"Biens manufacturés",0.013113564505261
"534",1980-10-01,"Biens industriels",-0.0361962024222948
"535",1980-07-01,"Biens",-0.0376903016633775
"536",1980-07-01,"Biens manufacturés",0.00862524668734142
"537",1980-07-01,"Biens industriels",-0.0389061178460671
"538",1980-04-01,"Biens",-0.0327185767600275
"539",1980-04-01,"Biens manufacturés",0.0117757889778615
"540",1980-04-01,"Biens industriels",-0.0335791151853328
"541",1980-01-01,"Biens",-0.0297900396519543
"542",1980-01-01,"Biens manufacturés",0.012629193867412
"543",1980-01-01,"Biens industriels",-0.0298829013715676
"544",1979-10-01,"Biens",-0.020346420769781
"545",1979-10-01,"Biens manufacturés",0.0186549131048348
"546",1979-10-01,"Biens industriels",-0.0199694562044501
"547",1979-07-01,"Biens",-0.0182594639899423
"548",1979-07-01,"Biens manufacturés",0.0210033725130211
"549",1979-07-01,"Biens industriels",-0.0165033625351719
"550",1979-04-01,"Biens",-0.0119704102219233
"551",1979-04-01,"Biens manufacturés",0.021012880864932
"552",1979-04-01,"Biens industriels",-0.012249754280689
"553",1979-01-01,"Biens",-0.00491737117124772
"554",1979-01-01,"Biens manufacturés",0.025277199541187
"555",1979-01-01,"Biens industriels",-0.00523599133353159
"556",1978-10-01,"Biens",-0.00545612549088629
"557",1978-10-01,"Biens manufacturés",0.0234195386493889
"558",1978-10-01,"Biens industriels",-0.00525812093678155
"559",1978-07-01,"Biens",-0.00269049132685496
"560",1978-07-01,"Biens manufacturés",0.0264167650531287
"561",1978-07-01,"Biens industriels",-0.00186177458904732
"562",1978-04-01,"Biens",-0.00888160222688778
"563",1978-04-01,"Biens manufacturés",0.0236606826920809
"564",1978-04-01,"Biens industriels",-0.00728928310254535
"565",1978-01-01,"Biens",-0.0127502763788232
"566",1978-01-01,"Biens manufacturés",0.0227613315317529
"567",1978-01-01,"Biens industriels",-0.00999877164967449
"568",1977-10-01,"Biens",-0.00891299400743382
"569",1977-10-01,"Biens manufacturés",0.027459607069711
"570",1977-10-01,"Biens industriels",-0.00723153556347822
"571",1977-07-01,"Biens",-0.0139332139799175
"572",1977-07-01,"Biens manufacturés",0.0251161101164993
"573",1977-07-01,"Biens industriels",-0.0103526115046314
"574",1977-04-01,"Biens",-0.0180027491225495
"575",1977-04-01,"Biens manufacturés",0.023220743864519
"576",1977-04-01,"Biens industriels",-0.0119440033096233
"577",1977-01-01,"Biens",-0.0220622578783966
"578",1977-01-01,"Biens manufacturés",0.0203588207819326
"579",1977-01-01,"Biens industriels",-0.0166909360661593
"580",1976-10-01,"Biens",-0.0276212744379965
"581",1976-10-01,"Biens manufacturés",0.0152543805284805
"582",1976-10-01,"Biens industriels",-0.0229308693447518
"583",1976-07-01,"Biens",-0.0282062454611474
"584",1976-07-01,"Biens manufacturés",0.0122004357298475
"585",1976-07-01,"Biens industriels",-0.0257225853304285
"586",1976-04-01,"Biens",-0.0188051431840766
"587",1976-04-01,"Biens manufacturés",0.0169381794091963
"588",1976-04-01,"Biens industriels",-0.0196633442741426
"589",1976-01-01,"Biens",-0.0156343577620173
"590",1976-01-01,"Biens manufacturés",0.0190228526398739
"591",1976-01-01,"Biens industriels",-0.0161859732072498
"592",1975-10-01,"Biens",-0.00790895693466514
"593",1975-10-01,"Biens manufacturés",0.0242017357131161
"594",1975-10-01,"Biens industriels",-0.00756508924185361
"595",1975-07-01,"Biens",-0.00206678073489302
"596",1975-07-01,"Biens manufacturés",0.028850226160023
"597",1975-07-01,"Biens industriels",-0.00186349082654289
"598",1975-04-01,"Biens",-0.00115038694833717
"599",1975-04-01,"Biens manufacturés",0.0310778777103814
"600",1975-04-01,"Biens industriels",-0.000958655790280973
"601",1975-01-01,"Biens",-0.00739592244083262
"602",1975-01-01,"Biens manufacturés",0.0290134017678928
"603",1975-01-01,"Biens industriels",-0.00425933846592529
"604",1974-10-01,"Biens",-0.0167734847097601
"605",1974-10-01,"Biens manufacturés",0.0233839956052005
"606",1974-10-01,"Biens industriels",-0.0172312763230178
"607",1974-07-01,"Biens",-0.0325639378942994
"608",1974-07-01,"Biens manufacturés",0.0119564806769672
"609",1974-07-01,"Biens industriels",-0.0329983755808243
"610",1974-04-01,"Biens",-0.0381973826625996
"611",1974-04-01,"Biens manufacturés",0.00354226114336318
"612",1974-04-01,"Biens industriels",-0.0385909672340844
"613",1974-01-01,"Biens",-0.0233152151702154
"614",1974-01-01,"Biens manufacturés",0.0062323756589971
"615",1974-01-01,"Biens industriels",-0.0269933385099514
"616",1973-10-01,"Biens",-0.000737059343806596
"617",1973-10-01,"Biens manufacturés",0.0155203638967275
"618",1973-10-01,"Biens industriels",-0.00296929621362086
"619",1973-07-01,"Biens",-0.00810559418877619
"620",1973-07-01,"Biens manufacturés",0.00684324755281924
"621",1973-07-01,"Biens industriels",-0.00910218363821588
"622",1973-04-01,"Biens",-0.008056882978969
"623",1973-04-01,"Biens manufacturés",0.00780294110857169
"624",1973-04-01,"Biens industriels",-0.00743357111526652
"625",1973-01-01,"Biens",-0.00833572179229961
"626",1973-01-01,"Biens manufacturés",0.00766695328174262
"627",1973-01-01,"Biens industriels",-0.00723703066781313
"628",1972-10-01,"Biens",-0.00878908667772524
"629",1972-10-01,"Biens manufacturés",0.00668465747319948
"630",1972-10-01,"Biens industriels",-0.00925948849991335
"631",1972-07-01,"Biens",-0.00484685461973761
"632",1972-07-01,"Biens manufacturés",0.00913543279112848
"633",1972-07-01,"Biens industriels",-0.00545588347247951
"634",1972-04-01,"Biens",-0.000708512648262832
"635",1972-04-01,"Biens manufacturés",0.0160333788180959
"636",1972-04-01,"Biens industriels",-0.000734753857457752
"637",1972-01-01,"Biens",-0.00381402594612017
"638",1972-01-01,"Biens manufacturés",0.0107974537347909
"639",1972-01-01,"Biens industriels",-0.00496897746501571
"640",1971-10-01,"Biens",-0.00971655423225341
"641",1971-10-01,"Biens manufacturés",0.00735681963299187
"642",1971-10-01,"Biens industriels",-0.00985536214985703
"643",1971-07-01,"Biens",-0.00101830113427432
"644",1971-07-01,"Biens manufacturés",0.0147370803043589
"645",1971-07-01,"Biens industriels",-0.000339433711424773
"646",1971-04-01,"Biens",-0.00467521842036058
"647",1971-04-01,"Biens manufacturés",0.0144639569879905
"648",1971-04-01,"Biens industriels",-0.00306811208836163
"649",1971-01-01,"Biens",0.000417648638167119
"650",1971-01-01,"Biens manufacturés",0.0182870439426031
"651",1971-01-01,"Biens industriels",0.00355001342442051
"652",1970-10-01,"Biens",-0.0104687789512692
"653",1970-10-01,"Biens manufacturés",0.00941881292075845
"654",1970-10-01,"Biens industriels",-0.00716447409054413
"655",1970-07-01,"Biens",-0.00720401908433126
"656",1970-07-01,"Biens manufacturés",0.0131441751714114
"657",1970-07-01,"Biens industriels",-0.00110588012259471
"658",1970-04-01,"Biens",-0.00801843916374497
"659",1970-04-01,"Biens manufacturés",0.00788858589793533
"660",1970-04-01,"Biens industriels",-0.00558369042981431
"661",1970-01-01,"Biens",-0.00501739363125502
"662",1970-01-01,"Biens manufacturés",0.0106034252073856
"663",1970-01-01,"Biens industriels",-0.00314423334225314
"664",1969-10-01,"Biens",-0.014442558791951
"665",1969-10-01,"Biens manufacturés",0.00242441034876875
"666",1969-10-01,"Biens industriels",-0.0106674055345825
"667",1969-07-01,"Biens",-0.018389662027833
"668",1969-07-01,"Biens manufacturés",-0.00571570576540755
"669",1969-07-01,"Biens industriels",-0.0179991479693269
"670",1969-04-01,"Biens",-0.0192678227360308
"671",1969-04-01,"Biens manufacturés",-0.00159959283091577
"672",1969-04-01,"Biens industriels",-0.0154142581888247
"673",1969-01-01,"Biens",-0.0106577231227874
"674",1969-01-01,"Biens manufacturés",0.00491894913359419
"675",1969-01-01,"Biens industriels",-0.00752748276504565
"676",1968-10-01,"Biens",-0.0136620481461413
"677",1968-10-01,"Biens manufacturés",0.00394767396857342
"678",1968-10-01,"Biens industriels",-0.0095982661196687
"679",1968-07-01,"Biens",0.000200080032012805
"680",1968-07-01,"Biens manufacturés",0.0144457783113245
"681",1968-07-01,"Biens industriels",0.000520208083233293
"682",1968-04-01,"Biens",-0.0281172511512575
"683",1968-04-01,"Biens manufacturés",-0.0101842012043925
"684",1968-04-01,"Biens industriels",-0.022493800921006
"685",1968-01-01,"Biens",0.00490175184348493
"686",1968-01-01,"Biens manufacturés",0.0225054345509569
"687",1968-01-01,"Biens industriels",0.00937726439623205
"688",1967-10-01,"Biens",-0.0036575155334244
"689",1967-10-01,"Biens manufacturés",0.0159520556999956
"690",1967-10-01,"Biens industriels",0.00180672454060724
"691",1967-07-01,"Biens",-0.00702222222222222
"692",1967-07-01,"Biens manufacturés",0.0128444444444444
"693",1967-07-01,"Biens industriels",-0.00128888888888889
"694",1967-04-01,"Biens",-0.00740572467060427
"695",1967-04-01,"Biens manufacturés",0.0104952294411631
"696",1967-04-01,"Biens industriels",-0.00149931849159473
"697",1967-01-01,"Biens",-0.014024727809559
"698",1967-01-01,"Biens manufacturés",0.00705849787783724
"699",1967-01-01,"Biens industriels",-0.00673556006643292
"700",1966-10-01,"Biens",-0.0114447860014188
"701",1966-10-01,"Biens manufacturés",0.00960037834003311
"702",1966-10-01,"Biens industriels",-0.00316859777725231
"703",1966-07-01,"Biens",-0.00802768831418545
"704",1966-07-01,"Biens manufacturés",0.0115367975772725
"705",1966-07-01,"Biens industriels",-0.00144209969715906
"706",1966-04-01,"Biens",-0.00753793441018111
"707",1966-04-01,"Biens manufacturés",0.0132648066568771
"708",1966-04-01,"Biens industriels",0.000538423886441508
"709",1966-01-01,"Biens",-0.00537931727917148
"710",1966-01-01,"Biens manufacturés",0.0166909657634106
"711",1966-01-01,"Biens industriels",0.00286561761600724
"712",1965-10-01,"Biens",-0.000102333196889071
"713",1965-10-01,"Biens manufacturés",0.0203131395824806
"714",1965-10-01,"Biens industriels",0.006498158002456
"715",1965-07-01,"Biens",-0.000521077588452921
"716",1965-07-01,"Biens manufacturés",0.0209473190558074
"717",1965-07-01,"Biens industriels",0.00666979313219738
"718",1965-04-01,"Biens",-0.00462274176408077
"719",1965-04-01,"Biens manufacturés",0.0176408076514346
"720",1965-04-01,"Biens industriels",0.00350690754516472
"721",1965-01-01,"Biens",-0.00363991959580594
"722",1965-01-01,"Biens manufacturés",0.0182539251371761
"723",1965-01-01,"Biens industriels",0.00499809854946488
"724",1964-10-01,"Biens",-0.00666079489155565
"725",1964-10-01,"Biens manufacturés",0.0132114939997798
"726",1964-10-01,"Biens industriels",-0.000385335241660244
"727",1964-07-01,"Biens",-0.0153647005853219
"728",1964-07-01,"Biens manufacturés",0.00928635749662314
"729",1964-07-01,"Biens industriels",-0.0039959477712742
"730",1964-04-01,"Biens",-0.0141487641487641
"731",1964-04-01,"Biens manufacturés",0.0109147609147609
"732",1964-04-01,"Biens industriels",-0.00271425271425271
"733",1964-01-01,"Biens",-0.00832063752490332
"734",1964-01-01,"Biens manufacturés",0.0174030235556076
"735",1964-01-01,"Biens industriels",0.00328137817883511
"736",1963-10-01,"Biens",-0.0093124508677511
"737",1963-10-01,"Biens manufacturés",0.0160851424079337
"738",1963-10-01,"Biens industriels",0.00253975932756848
"739",1963-07-01,"Biens",-0.00280077934729664
"740",1963-07-01,"Biens manufacturés",0.0223453482708232
"741",1963-07-01,"Biens industriels",0.00937652216268875
"742",1963-04-01,"Biens",-0.00381145978909922
"743",1963-04-01,"Biens manufacturés",0.0206454071909541
"744",1963-04-01,"Biens industriels",0.00705120060983357
"745",1963-01-01,"Biens",-0.011434794445957
"746",1963-01-01,"Biens manufacturés",0.0147699428260278
"747",1963-01-01,"Biens industriels",0.000204192757963518
"748",1962-10-01,"Biens",-0.000749318801089918
"749",1962-10-01,"Biens manufacturés",0.0241144414168937
"750",1962-10-01,"Biens industriels",0.0125340599455041
"751",1962-07-01,"Biens",-0.00209497206703911
"752",1962-07-01,"Biens manufacturés",0.025
"753",1962-07-01,"Biens industriels",0.0134776536312849
"754",1962-04-01,"Biens",0.00307692307692308
"755",1962-04-01,"Biens manufacturés",0.0289803220035778
"756",1962-04-01,"Biens industriels",0.017602862254025
"757",1962-01-01,"Biens",0.00139521221912175
"758",1962-01-01,"Biens manufacturés",0.0272433543839037
"759",1962-01-01,"Biens industriels",0.0155676310765164
"760",1961-10-01,"Biens",0.00481872418540615
"761",1961-10-01,"Biens manufacturés",0.0318953648462598
"762",1961-10-01,"Biens industriels",0.0197338228545204
"763",1961-07-01,"Biens",0.0100494621967496
"764",1961-07-01,"Biens manufacturés",0.0359582319227448
"765",1961-07-01,"Biens industriels",0.0238674727172804
"766",1961-04-01,"Biens",0.00973843058350101
"767",1961-04-01,"Biens manufacturés",0.0367002012072435
"768",1961-04-01,"Biens industriels",0.0241448692152917
"769",1961-01-01,"Biens",0.0109684757881053
"770",1961-01-01,"Biens manufacturés",0.0381052973675658
"771",1961-01-01,"Biens industriels",0.0259181020474488
"772",1960-10-01,"Biens",0.00790086493679308
"773",1960-10-01,"Biens manufacturés",0.0366766467065868
"774",1960-10-01,"Biens industriels",0.0245342648037259
"775",1960-07-01,"Biens",0.00635754852928711
"776",1960-07-01,"Biens manufacturés",0.0361108756463508
"777",1960-07-01,"Biens industriels",0.0231414766466051
"778",1960-04-01,"Biens",0.0134866430362237
"779",1960-04-01,"Biens manufacturés",0.0425347972680903
"780",1960-04-01,"Biens industriels",0.0306043053514308
"781",1960-01-01,"Biens",0.0152108165806796
"782",1960-01-01,"Biens manufacturés",0.0452766411670521
"783",1960-01-01,"Biens industriels",0.0329122931862658
"784",1959-10-01,"Biens",0.010919017288444
"785",1959-10-01,"Biens manufacturés",0.0420382165605096
"786",1959-10-01,"Biens industriels",0.0282984531392175
"787",1959-07-01,"Biens",0.012810851544838
"788",1959-07-01,"Biens manufacturés",0.0436134137151469
"789",1959-07-01,"Biens industriels",0.0303315749811605
"790",1959-04-01,"Biens",0.0072992700729927
"791",1959-04-01,"Biens manufacturés",0.0393776411832501
"792",1959-04-01,"Biens industriels",0.0255474452554745
"793",1959-01-01,"Biens",-0.00118976799524093
"794",1959-01-01,"Biens manufacturés",0.0317271465397581
"795",1959-01-01,"Biens industriels",0.0175490779298037
"796",1958-10-01,"Biens",-0.00211907164480323
"797",1958-10-01,"Biens manufacturés",0.030978809283552
"798",1958-10-01,"Biens industriels",0.0170534813319879
"799",1958-07-01,"Biens",-0.0138504155124654
"800",1958-07-01,"Biens manufacturés",0.0224684518313327
"801",1958-07-01,"Biens industriels",0.00748948394377757
"802",1958-04-01,"Biens",-0.0162788270896379
"803",1958-04-01,"Biens manufacturés",0.0202441824063446
"804",1958-04-01,"Biens industriels",0.00480016696232912
"805",1958-01-01,"Biens",-0.0146220836469197
"806",1958-01-01,"Biens manufacturés",0.0233308246425116
"807",1958-01-01,"Biens industriels",0.00731104182345984
"808",1957-10-01,"Biens",-0.0171104815864023
"809",1957-10-01,"Biens manufacturés",0.0213031161473088
"810",1957-10-01,"Biens industriels",0.00475920679886686
"811",1957-07-01,"Biens",-0.0196771532932721
"812",1957-07-01,"Biens manufacturés",0.0177919170496053
"813",1957-07-01,"Biens industriels",0.000706963591375044
"814",1957-04-01,"Biens",-0.0225424981522542
"815",1957-04-01,"Biens manufacturés",0.0172456270017246
"816",1957-04-01,"Biens industriels",-0.0013550135501355
"817",1957-01-01,"Biens",-0.0204722431549862
"818",1957-01-01,"Biens manufacturés",0.0200954534036674
"819",1957-01-01,"Biens industriels",0.00150715900527506
"820",1956-10-01,"Biens",-0.0232979549572871
"821",1956-10-01,"Biens manufacturés",0.0160497023039089
"822",1956-10-01,"Biens industriels",0.000517732332384157
"823",1956-07-01,"Biens",-0.0225020091079561
"824",1956-07-01,"Biens manufacturés",0.0198231984998661
"825",1956-07-01,"Biens industriels",0.00308063219930351
"826",1956-04-01,"Biens",-0.0172579098753595
"827",1956-04-01,"Biens manufacturés",0.0228735789617861
"828",1956-04-01,"Biens industriels",0.00767018216682646
"829",1956-01-01,"Biens",-0.013471355643789
"830",1956-01-01,"Biens manufacturés",0.0215541690300624
"831",1956-01-01,"Biens industriels",0.0080828133862734
"832",1955-10-01,"Biens",-0.00649444364266128
"833",1955-10-01,"Biens manufacturés",0.0269880213595035
"834",1955-10-01,"Biens industriels",0.0127002453456487
"835",1955-07-01,"Biens",0.000295508274231678
"836",1955-07-01,"Biens manufacturés",0.0333924349881797
"837",1955-07-01,"Biens industriels",0.0200945626477541
"838",1955-04-01,"Biens",0.00226176115802171
"839",1955-04-01,"Biens manufacturés",0.0357358262967431
"840",1955-04-01,"Biens industriels",0.0221652593486128
"841",1955-01-01,"Biens",0.00355322107214584
"842",1955-01-01,"Biens manufacturés",0.0370770894484783
"843",1955-01-01,"Biens industriels",0.0241001081415109
"844",1954-10-01,"Biens",0.00298132747528636
"845",1954-10-01,"Biens manufacturés",0.0370312254825043
"846",1954-10-01,"Biens industriels",0.0241644437470579
"847",1954-07-01,"Biens",0.00189693329117926
"848",1954-07-01,"Biens manufacturés",0.0390452102434398
"849",1954-07-01,"Biens industriels",0.0252924438823901
"850",1954-04-01,"Biens",-0.00064609917622355
"851",1954-04-01,"Biens manufacturés",0.0363430786625747
"852",1954-04-01,"Biens industriels",0.0230980455499919
"853",1954-01-01,"Biens",0.000331510028178352
"854",1954-01-01,"Biens manufacturés",0.0384551632686889
"855",1954-01-01,"Biens industriels",0.0242002320570197
"856",1953-10-01,"Biens",0.00267513793679987
"857",1953-10-01,"Biens manufacturés",0.039458284567798
"858",1953-10-01,"Biens industriels",0.0269185754890487
"859",1953-07-01,"Biens",-0.00560938296787353
"860",1953-07-01,"Biens manufacturés",0.0336562978072412
"861",1953-07-01,"Biens industriels",0.0198878123406425
"862",1953-04-01,"Biens",0.000171203561034069
"863",1953-04-01,"Biens manufacturés",0.0385208012326656
"864",1953-04-01,"Biens industriels",0.0249957199109741
"865",1953-01-01,"Biens",-0.00557394182198223
"866",1953-01-01,"Biens manufacturés",0.0355338791151367
"867",1953-01-01,"Biens industriels",0.0205539104685595
"868",1952-10-01,"Biens",-0.00666315974048746
"869",1952-10-01,"Biens manufacturés",0.0364720322637208
"870",1952-10-01,"Biens industriels",0.0194634402945818
"871",1952-07-01,"Biens",-0.00840336134453781
"872",1952-07-01,"Biens manufacturés",0.0350140056022409
"873",1952-07-01,"Biens industriels",0.0176820728291317
"874",1952-04-01,"Biens",-0.0159070598748883
"875",1952-04-01,"Biens manufacturés",0.0336014298480786
"876",1952-04-01,"Biens industriels",0.0137622877569258
"877",1952-01-01,"Biens",-0.0229578216764549
"878",1952-01-01,"Biens manufacturés",0.0270510767040399
"879",1952-01-01,"Biens industriels",0.00783057483537996
"880",1951-10-01,"Biens",-0.0232296740352192
"881",1951-10-01,"Biens manufacturés",0.0322218059198202
"882",1951-10-01,"Biens industriels",0.0121768452603972
"883",1951-07-01,"Biens",-0.0139253279515641
"884",1951-07-01,"Biens manufacturés",0.0419778002018163
"885",1951-07-01,"Biens industriels",0.0215943491422805
"886",1951-04-01,"Biens",-0.00866624392306066
"887",1951-04-01,"Biens manufacturés",0.0429084760093004
"888",1951-04-01,"Biens industriels",0.0264214753751849
"889",1951-01-01,"Biens",0.000913659205116492
"890",1951-01-01,"Biens manufacturés",0.0495660118775697
"891",1951-01-01,"Biens industriels",0.035404294198264
"892",1950-10-01,"Biens",0.00700313933832408
"893",1950-10-01,"Biens manufacturés",0.0528857763825163
"894",1950-10-01,"Biens industriels",0.0383965225790872
"895",1950-07-01,"Biens",0.00126230749810654
"896",1950-07-01,"Biens manufacturés",0.0444332239333502
"897",1950-07-01,"Biens industriels",0.0320626104519061
"898",1950-04-01,"Biens",-0.00186915887850467
"899",1950-04-01,"Biens manufacturés",0.0416555407209613
"900",1950-04-01,"Biens industriels",0.0280373831775701
"901",1950-01-01,"Biens",-0.0134907251264755
"902",1950-01-01,"Biens manufacturés",0.0356942102304666
"903",1950-01-01,"Biens industriels",0.0196739741427768
"904",1949-10-01,"Biens",-0.00966325036603221
"905",1949-10-01,"Biens manufacturés",0.0348462664714495
"906",1949-10-01,"Biens industriels",0.0184480234260615
"907",1949-07-01,"Biens",-0.0186578393018357
"908",1949-07-01,"Biens manufacturés",0.0309960878724045
"909",1949-07-01,"Biens industriels",0.0129401143544989
"910",1949-04-01,"Biens",-0.0192486805339957
"911",1949-04-01,"Biens manufacturés",0.0310462589257994
"912",1949-04-01,"Biens industriels",0.0111766532132878
"913",1949-01-01,"Biens",-0.0229415461973601
"914",1949-01-01,"Biens manufacturés",0.0285983658076681
"915",1949-01-01,"Biens industriels",0.00785669390320553
